jsdp,[2016-06-14 Tue 19:01]
jsdp,[2016-07-22 Fri 11:17]
jsdp,[2016-08-03 Wed 17:18]
jsdp,[2016-08-08 Mon 01:33]
jsdp,[2016-08-10 Wed 22:19]
jsdp,[2016-08-22 Mon 21:36]
jsdp,[2016-09-14 Wed 17:58]
jsdp,[2016-10-11 Tue 18:20]
jsdp,[2016-10-12 Wed 13:13]
jsdp,[2016-10-17 Mon 22:48]
jsdp,[2016-10-18 Tue 18:49]
jsdp,[2016-10-24 Mon 20:01]
jsdp,[2016-10-26 Wed 10:22]
jsdp,[2016-10-27 Thu 18:46]
jsdp,[2016-10-28 Fri 18:46]
jsdp,[2016-12-22 Thu 11:34]
lc1,[2016-06-14 Tue 19:01]
lc1,[2016-07-22 Fri 11:17]
lc1,[2016-08-03 Wed 17:18]
lc1,[2016-08-08 Mon 01:33]
lc1,[2016-08-10 Wed 22:19]
lc1,[2016-08-22 Mon 21:36]
lc1,[2016-09-14 Wed 17:58]
lc1,[2016-10-11 Tue 18:20]
lc1,[2016-10-12 Wed 13:13]
lc1,[2016-10-17 Mon 22:48]
lc1,[2016-10-18 Tue 18:49]
lc1,[2016-10-24 Mon 20:01]
lc1,[2016-10-26 Wed 10:22]
lc1,[2016-10-27 Thu 18:46]
lc1,[2016-10-28 Fri 18:46]
lc1,[2016-12-22 Thu 11:34]
